<?xml version="1.0" encoding="UTF-8"?>

<mule xmlns:context="http://www.springframework.org/schema/context" xmlns:json="http://www.mulesoft.org/schema/mule/json" xmlns:http="http://www.mulesoft.org/schema/mule/http" xmlns:scripting="http://www.mulesoft.org/schema/mule/scripting" xmlns:tracking="http://www.mulesoft.org/schema/mule/ee/tracking" xmlns="http://www.mulesoft.org/schema/mule/core" xmlns:doc="http://www.mulesoft.org/schema/mule/documentation"
	xmlns:spring="http://www.springframework.org/schema/beans" 
	xmlns:xsi="http://www.w3.org/2001/XMLSchema-instance"
	xsi:schemaLocation="http://www.springframework.org/schema/beans http://www.springframework.org/schema/beans/spring-beans-current.xsd
http://www.mulesoft.org/schema/mule/core http://www.mulesoft.org/schema/mule/core/current/mule.xsd
http://www.mulesoft.org/schema/mule/http http://www.mulesoft.org/schema/mule/http/current/mule-http.xsd
http://www.mulesoft.org/schema/mule/json http://www.mulesoft.org/schema/mule/json/current/mule-json.xsd
http://www.mulesoft.org/schema/mule/ee/tracking http://www.mulesoft.org/schema/mule/ee/tracking/current/mule-tracking-ee.xsd
http://www.mulesoft.org/schema/mule/scripting http://www.mulesoft.org/schema/mule/scripting/current/mule-scripting.xsd
http://www.springframework.org/schema/context http://www.springframework.org/schema/context/spring-context-current.xsd">
    <http:listener-config name="HTTP_Listener_Configuration" host="0.0.0.0" port="8081" basePath="/ms3" doc:name="HTTP Listener Configuration"/>
    <context:property-placeholder location="db.properties"/>
    <flow name="contactmanagementapiFlow">
        <http:listener config-ref="HTTP_Listener_Configuration" path="/cmapi/{operation}" allowedMethods="POST" doc:name="HTTP"/>
        <logger message="#[message]" level="INFO" doc:name="Logger"/>
        <set-variable variableName="operation" value="#[message.inboundProperties.'http.uri.params'.operation]" doc:name="Variable"/>
        <byte-array-to-object-transformer doc:name="Byte Array to Object"/>
        <logger message="input json is validated against schema successfully" level="INFO" doc:name="Logger"/>
        <choice doc:name="Choice">
            <when expression="#[flowVars.operation=='create']">
                <flow-ref name="CreateFlow" doc:name="CreateFlow"/>
            </when>
            <when expression="#[flowVars.operation=='delete']">
                <flow-ref name="DeleteFlow" doc:name="DeleteFlow"/>
            </when>
            <when expression="#[flowVars.operation=='read']">
                <flow-ref name="ReadFlow" doc:name="ReadFlow"/>
            </when>
            <otherwise>
                <scripting:component doc:name="invalid operation error">
                    <scripting:script engine="Groovy"><![CDATA[throw new Exception("please provide a valid operation");
]]></scripting:script>
                </scripting:component>
            </otherwise>
        </choice>
    </flow>
    <catch-exception-strategy name="contactmanagementapiCatch_Exception_Strategy">
        <logger message="Exception occured while Executing the flow :-#[exception]" level="INFO" doc:name="Logger"/>
        <set-property propertyName="http.status" value="500" doc:name="Property"/>
        <set-payload value="Error occured while Executing the flow :-#[exception]" doc:name="Set Payload"/>
    </catch-exception-strategy>
</mule>
