<?xml version="1.0" encoding="UTF-8"?>

<mule xmlns:mulexml="http://www.mulesoft.org/schema/mule/xml" xmlns:dw="http://www.mulesoft.org/schema/mule/ee/dw" xmlns:db="http://www.mulesoft.org/schema/mule/db" xmlns:json="http://www.mulesoft.org/schema/mule/json" xmlns:tracking="http://www.mulesoft.org/schema/mule/ee/tracking" xmlns="http://www.mulesoft.org/schema/mule/core" xmlns:doc="http://www.mulesoft.org/schema/mule/documentation"
	xmlns:spring="http://www.springframework.org/schema/beans" 
	xmlns:xsi="http://www.w3.org/2001/XMLSchema-instance"
	xsi:schemaLocation="http://www.springframework.org/schema/beans http://www.springframework.org/schema/beans/spring-beans-current.xsd
http://www.mulesoft.org/schema/mule/core http://www.mulesoft.org/schema/mule/core/current/mule.xsd
http://www.mulesoft.org/schema/mule/ee/tracking http://www.mulesoft.org/schema/mule/ee/tracking/current/mule-tracking-ee.xsd
http://www.mulesoft.org/schema/mule/json http://www.mulesoft.org/schema/mule/json/current/mule-json.xsd
http://www.mulesoft.org/schema/mule/db http://www.mulesoft.org/schema/mule/db/current/mule-db.xsd
http://www.mulesoft.org/schema/mule/ee/dw http://www.mulesoft.org/schema/mule/ee/dw/current/dw.xsd
http://www.mulesoft.org/schema/mule/xml http://www.mulesoft.org/schema/mule/xml/current/mule-xml.xsd">
    <db:oracle-config name="Oracle_Configuration" host="${db.host}" port="${db.port}" instance="${db.instance}" user="${db.user}" password="${db.password}" doc:name="Oracle Configuration"/>
    <flow name="CreateFlow">
        <logger message="Create Flow intiated" level="INFO" doc:name="Logger"/>
        <json:json-to-object-transformer returnClass="java.util.HashMap" doc:name="JSON to Object"/>
        <enricher source="#[payload]" target="flowVars.contact_uniqueId" doc:name="Message Enricher">
            <db:select config-ref="Oracle_Configuration" doc:name="Database">
                <db:dynamic-query><![CDATA[select contact_seq.NEXTVAL from dual]]></db:dynamic-query>
            </db:select>
        </enricher>
        <dw:transform-message doc:name="Transform Message">
            <dw:set-variable variableName="contact_uniqueId"><![CDATA[%dw 1.0
%output application/java
---
flowVars.contact_uniqueId.NEXTVAL joinBy ""]]></dw:set-variable>
        </dw:transform-message>
        <logger message="#[flowVars.contact_uniqueId],#[payload.Identification.FirstName],#[payload.Identification.LastName],#[payload.Identification.DOB],#[payload.Identification.Gender],#[payload.Identification.Title]" level="INFO" doc:name="Logger"/>
        <enricher source="#[payload]" target="#[flowVars.output]" doc:name="Message Enricher">
            <db:insert config-ref="Oracle_Configuration" doc:name="Database">
                <db:parameterized-query><![CDATA[insert into identification (identification_id,First_Name,Last_Name,date_birth,Gender,Title) values (
#[flowVars.contact_uniqueId],
#[payload.Identification.FirstName],
#[payload.Identification.LastName],
#[payload.Identification.DOB],
#[payload.Identification.Gender],
#[payload.Identification.Title]
)]]></db:parameterized-query>
            </db:insert>
        </enricher>
        <scatter-gather doc:name="Scatter-Gather">
            <foreach collection="#[payload.Address]" doc:name="For Each">
                <logger message="#[payload]" level="INFO" doc:name="Logger"/>
                <db:insert config-ref="Oracle_Configuration" doc:name="Database">
                    <db:parameterized-query><![CDATA[insert into address (identification_id,address_type,type_number,street,Unit,city,address_state,zipcode)
values
(
#[flowVars.contact_uniqueId],
#[payload.type],
#[payload.number],
#[payload.street],
#[payload.Unit],
#[payload.City],
#[payload.State],
#[payload.zipcode]
)]]></db:parameterized-query>
                </db:insert>
            </foreach>
            <foreach collection="#[payload.Communication]" doc:name="For Each">
                <logger level="INFO" doc:name="Logger"/>
                <db:insert config-ref="Oracle_Configuration" doc:name="Database">
                    <db:parameterized-query><![CDATA[insert into communication (identification_id,communication_type,communication_value,preferred)
values
(
#[flowVars.contact_uniqueId],
#[payload.type],
#[payload.value],
#[payload.preferred]
)]]></db:parameterized-query>
                </db:insert>
            </foreach>
        </scatter-gather>
        <set-payload value="Contact Successfully inserted .ContactId :#[flowVars.contact_uniqueId]
 " doc:name="Set Payload"/>
    </flow>
    <flow name="DeleteFlow">
        <set-variable variableName="contactId_to_be_Deleted" value="#[payload.contactId]" doc:name="Variable"/>
        <json:json-to-object-transformer returnClass="java.util.HashMap" doc:name="JSON to Object"/>
        <logger level="INFO" doc:name="Logger"/>
        <db:delete config-ref="Oracle_Configuration" doc:name="Database">
            <db:parameterized-query><![CDATA[delete form identification where identification_id=#[flowVars.contactId_to_be_Deleted]]]></db:parameterized-query>
        </db:delete>
        <set-payload value="contactId: #[flowVars.contactId_to_be_Deleted] deleted successfully" doc:name="Set Payload"/>
    </flow>
    <flow name="ReadFlow">
        <logger message="Read flow invoked" level="INFO" doc:name="Logger"/>
        <json:json-to-object-transformer returnClass="java.util.HashMap" doc:name="JSON to Object"/>
        <set-variable variableName="contactId_to_be_read" value="#[payload.contactId]" doc:name="Variable"/>
        <db:select config-ref="Oracle_Configuration" doc:name="Database">
            <db:parameterized-query><![CDATA[select I.IDENTIFICATION_ID,I.FIRST_NAME,I.LAST_NAME,I.GENDER,I.DATE_BIRTH,I.TITLE,
C.COMMUNICATION_TYPE,C.COMMUNICATION_VALUE,C.PREFERRED,
A.ADDRESS_STATE,A.ADDRESS_TYPE,A.CITY,A.STREET,A.TYPE_NUMBER,A.UNIT,A.ZIPCODE
from identification I,communication C,address A
where I.identification_id=C.identification_id
and C.identification_id=A.identification_id
and I.IDENTIFICATION_ID=#[flowVars.contactId_to_be_read]]]></db:parameterized-query>
        </db:select>
        <json:object-to-json-transformer doc:name="Object to JSON"/>
    </flow>
</mule>
